{
    "options": {
        "ghdl_analysis": [
            "--work=XESS",
            "-PC:/ghdl_ls/Example/ghdl_language_server",
            "--ieee=synopsys",
            "-fexplicit",
            "--std=02"
        ]
    },
    "files": [
        { "file": "VHDL_Lib/common.vhd",          "language": "vhdl" },
        { "file": "VHDL_Lib/audio.vhd",           "language": "vhdl" },
        { "file": "VHDL_Lib/AdcInterfaces.vhd",   "language": "vhdl" },
        { "file": "VHDL_Lib/buttonDebouncer.vhd", "language": "vhdl" },
        { "file": "VHDL_Lib/ButtonScanner.vhd",   "language": "vhdl" },
        { "file": "VHDL_Lib/ClkGen.vhd",          "language": "vhdl" },
        { "file": "VHDL_Lib/Delay.vhd",           "language": "vhdl" },
        { "file": "VHDL_Lib/fifo.vhd",            "language": "vhdl" },
        { "file": "VHDL_Lib/FlashCntl.vhd",       "language": "vhdl" },
        { "file": "VHDL_Lib/hcsr04.vhd",          "language": "vhdl" },
        { "file": "VHDL_Lib/HostIo.vhd",          "language": "vhdl" },
        { "file": "VHDL_Lib/HostIoComm.vhd",      "language": "vhdl" },
        { "file": "VHDL_Lib/HostIoToI2c.vhd",     "language": "vhdl" },
        { "file": "VHDL_Lib/HostIoToSpi.vhd",     "language": "vhdl" },
        { "file": "VHDL_Lib/I2c.vhd",             "language": "vhdl" },
        { "file": "VHDL_Lib/LedDigits.vhd",       "language": "vhdl" },
        { "file": "VHDL_Lib/LedPanel.vhd",        "language": "vhdl" },
        { "file": "VHDL_Lib/MemTest.vhd",         "language": "vhdl" },
        { "file": "VHDL_Lib/Misc.vhd",            "language": "vhdl" },
        { "file": "VHDL_Lib/PatternGen.vhd",      "language": "vhdl" },
        { "file": "VHDL_Lib/pwm.vhd",             "language": "vhdl" },
        { "file": "VHDL_Lib/RandGen.vhd",         "language": "vhdl" },
        { "file": "VHDL_Lib/RgbLed.vhd",          "language": "vhdl" },
        { "file": "VHDL_Lib/RotaryEncoder.vhd",   "language": "vhdl" },
        { "file": "VHDL_Lib/SDCard.vhd",          "language": "vhdl" },
        { "file": "VHDL_Lib/SdramCntl.vhd",       "language": "vhdl" },
        { "file": "VHDL_Lib/Spi.vhd",             "language": "vhdl" },
        { "file": "VHDL_Lib/SyncToClk.vhd",       "language": "vhdl" },
        { "file": "VHDL_Lib/TestBoardCore.vhd",   "language": "vhdl" },
        { "file": "VHDL_Lib/Vga.vhd",             "language": "vhdl" } 
    ]
}